Id,preco
0,1500990.16
1,289815.46
2,659971.99
3,342280.51
4,376414.04
5,201586.76
6,705518.90
7,527109.19
8,342349.05
9,994226.50
10,675139.76
11,664503.58
12,1083322.19
13,374241.69
14,748840.56
15,556496.51
16,371864.69
17,377186.68
18,390199.52
19,942796.50
20,670625.65
21,4372.74
22,383971.49
23,320844.08
24,274261.27
25,295060.57
26,449928.69
27,569180.01
28,904283.49
29,877071.14
30,355838.96
31,1762050.04
32,1669627.21
33,1686572.23
34,1391313.44
35,417047.89
36,624297.22
37,2489025.37
38,398908.27
39,500209.41
40,1935261.88
41,822605.03
42,423293.32
43,1596833.93
44,1297910.18
45,12495.13
46,2333726.57
47,467632.37
48,281762.92
49,444890.09
50,421347.28
51,347759.76
52,616162.50
53,892739.45
54,954105.16
55,422336.58
56,650893.38
57,430116.93
58,923882.01
59,2147574.55
60,1879369.79
61,559827.23
62,1161599.94
63,2593540.29
64,419537.62
65,482670.43
66,600492.78
67,1174120.78
68,704365.37
69,456097.47
70,1432467.57
71,-751877.03
72,530265.35
73,621436.83
74,408292.63
75,2125759.03
76,300293.77
77,463855.87
78,236383.54
79,374231.67
80,551443.09
81,541334.76
82,375869.26
83,2007860.29
84,2514103.57
85,457174.61
86,413924.95
87,915321.86
88,449928.69
89,353381.02
90,669667.18
91,1034571.83
92,186424.27
93,277302.77
94,5287.89
95,915826.17
96,1189086.17
97,1464089.28
98,426037.20
99,613009.22
100,452921.85
101,421255.08
102,1307885.45
103,718517.93
104,520422.35
105,1081518.79
106,798018.34
107,1070227.94
108,465167.99
109,570937.30
110,457637.22
111,910759.69
112,460583.87
113,420226.05
114,578874.31
115,378003.54
116,471158.36
117,3113718.48
118,1098047.33
119,356714.33
120,1709541.13
121,288222.81
122,501813.64
123,324278.04
124,294692.87
125,707689.11
126,419074.42
127,2007860.29
128,263458.13
129,1186625.74
130,1115732.12
131,2489873.35
132,688781.48
133,1500986.66
134,1543973.95
135,621422.43
136,576174.66
137,2868814.00
138,860211.47
139,425130.63
140,2416829.28
141,504823.13
142,317671.53
143,1419783.01
144,484783.95
145,523814.27
146,263295.25
147,2349071.91
148,624544.91
149,1310581.57
150,538935.03
151,631313.34
152,894896.41
153,854815.73
154,414152.78
155,811029.44
156,566197.50
157,455540.81
158,592821.69
159,2138076.52
160,1430333.12
161,624297.22
162,944889.24
163,493315.46
164,197848.89
165,361200.53
166,574268.26
167,679633.09
168,456523.31
169,1182864.89
170,624544.91
171,454206.49
172,641236.12
173,724578.31
174,557037.43
175,2336814.11
176,714467.73
177,413924.95
178,1548361.63
179,270156.31
180,952128.28
181,512698.86
182,2383383.44
183,663972.61
184,827305.26
185,461006.05
186,505831.15
187,554759.11
188,1433570.74
189,363873.94
190,1753505.01
191,797771.21
192,306246.76
193,422379.13
194,391680.39
195,1024557.53
196,181217.16
197,1652021.44
198,300397.68
199,513086.94
200,1518803.65
201,320099.25
202,602140.76
203,1418185.97
204,719759.25
205,179287.04
206,180786.05
207,323031.62
208,1095865.95
209,1470625.08
210,793692.58
211,2176251.75
212,624277.05
213,648119.01
214,1403491.95
215,401993.24
216,290664.64
217,649059.24
218,545829.09
219,347186.22
220,559827.23
221,784289.81
222,1167160.79
223,278946.24
224,328679.52
225,657664.44
226,326243.48
227,678759.04
228,944285.23
229,562977.10
230,369206.02
231,551369.42
232,315858.11
233,614591.25
234,522957.65
235,298494.58
236,758212.42
237,1751118.30
238,1419467.95
239,562612.12
240,909859.04
241,233555.42
242,577653.59
243,511732.27
244,1119947.16
245,338374.54
246,620348.10
247,703062.25
248,587263.25
249,1073047.90
250,1601812.22
251,374173.68
252,586189.08
253,616051.63
254,614591.25
255,721176.49
256,328736.28
257,795501.06
258,1818770.96
259,725148.19
260,482319.14
261,625402.80
262,414572.14
263,1112950.31
264,328679.52
265,505787.51
266,361200.53
267,660189.48
268,178443.12
269,1543973.95
270,459951.48
271,867707.33
272,757283.29
273,528869.14
274,534542.11
275,446855.17
276,406937.19
277,1287257.10
278,328736.28
279,845448.99
280,185072.92
281,945012.47
282,422336.58
283,414068.75
284,1176875.24
285,2280019.66
286,430259.14
287,866313.40
288,586189.08
289,713960.43
290,825959.20
291,712114.99
292,825239.51
293,474679.43
294,2146350.08
295,579666.75
296,680819.11
297,838732.16
298,465539.28
299,686600.09
300,1010327.56
301,748053.39
302,441791.72
303,676871.24
304,353150.81
305,353616.44
306,298503.18
307,509308.62
308,463731.30
309,593482.78
310,308890.68
311,1644095.55
312,1475246.24
313,482556.28
314,384267.23
315,1259192.67
316,1441936.42
317,1164606.09
318,433134.01
319,503966.69
320,295159.08
321,1839144.49
322,939572.44
323,373695.76
324,429239.14
325,539978.85
326,482670.43
327,1739196.49
328,872343.52
329,421445.67
330,708488.31
331,412031.49
332,413789.08
333,875425.42
334,1456946.70
335,537371.23
336,364076.24
337,433490.57
338,1082244.06
339,483723.44
340,454206.49
341,1160307.58
342,1278963.96
343,1362982.01
344,427017.65
345,1036299.56
346,235091.96
347,699565.34
348,485213.18
349,1355335.51
350,485950.19
351,1080106.95
352,437732.42
353,1173894.60
354,413924.95
355,603795.71
356,548729.63
357,1550415.36
358,421746.05
359,864097.50
360,339933.99
361,1038762.14
362,310174.20
363,365659.85
364,453755.02
365,784362.15
366,1132733.18
367,186993.43
368,1739196.49
369,1883323.36
370,333439.72
371,552492.32
372,721210.29
373,1671409.73
374,874682.82
375,2173731.24
376,421713.08
377,355301.31
378,1394269.74
379,619254.32
380,532376.36
381,342349.05
382,576709.07
383,858713.43
384,781995.73
385,660594.35
386,1512109.12
387,1380976.85
388,333257.39
389,933721.74
390,723443.75
391,441791.72
392,952982.41
393,684519.56
394,384267.23
395,369206.02
396,444890.09
397,509308.62
398,545727.07
399,648328.59
400,916969.97
401,474583.15
402,516549.05
403,351529.07
404,852208.21
405,1521800.06
406,333257.39
407,587454.96
408,1114000.78
409,574789.76
410,621231.85
411,294235.78
412,150389.84
413,479238.63
414,544268.76
415,550353.07
416,783204.83
417,504282.22
418,374518.44
419,277911.80
420,491226.73
421,357336.71
422,278462.00
423,291808.41
424,355838.96
425,702908.88
426,849881.28
427,1001695.42
428,3025571.87
429,356401.01
430,424838.47
431,315238.88
432,855100.93
433,297958.16
434,1329705.08
435,561952.45
436,1669541.62
437,1963788.52
438,427676.24
439,222593.51
440,760329.80
441,445385.96
442,355838.96
443,458275.89
444,927811.99
445,891425.23
446,60906.00
447,320844.08
448,836666.11
449,349207.40
450,284259.26
451,1355335.51
452,754385.25
453,484983.77
454,347984.09
455,591503.92
456,971053.68
457,250874.86
458,431707.29
459,347759.76
460,185072.92
461,606501.96
462,452195.81
463,657748.43
464,417252.42
465,557174.88
466,1312625.72
467,1530316.87
468,1447440.12
469,2934239.67
470,1826169.37
471,565392.09
472,422631.32
473,142362.68
474,403433.86
475,1566637.47
476,818641.86
477,444551.37
478,331589.97
479,651138.52
480,681825.25
481,1326515.90
482,636849.76
483,450055.92
484,616761.59
485,564436.18
486,1301124.64
487,560152.30
488,1519277.77
489,362134.53
490,749624.49
491,538297.27
492,474123.78
493,485950.19
494,550899.82
495,1347988.25
496,988251.94
497,560029.31
498,609203.31
499,574632.33
500,1686083.18
501,1920840.15
502,516549.05
503,297338.46
504,434073.35
505,1651076.14
506,1801495.59
507,594821.13
508,360497.78
509,569180.01
510,662162.42
511,543014.71
512,1633956.99
513,381146.16
514,347647.93
515,422336.58
516,1374598.49
517,757988.12
518,673542.15
519,461715.88
520,1940645.37
521,1152403.91
522,559827.23
523,208780.55
524,1355335.51
525,1962699.99
526,787729.31
527,1747844.18
528,577894.42
529,337126.95
530,921633.79
531,733032.07
532,638254.86
533,879782.09
534,385566.76
535,266700.99
536,596237.83
537,2607013.50
538,1190156.55
539,1612755.89
540,316450.17
541,328162.36
542,699086.87
543,1022650.44
544,426613.88
545,986841.20
546,153235.19
547,1118605.70
548,402640.65
549,328147.14
550,571871.99
551,527470.40
552,1177315.87
553,582402.25
554,438019.14
555,380667.45
556,417047.89
557,216603.62
558,322200.60
559,1759959.49
560,514523.58
561,464418.51
562,244000.24
563,648119.01
564,565395.21
565,632092.10
566,260256.62
567,288688.69
568,591952.06
569,993285.74
570,397899.41
571,895685.77
572,392714.16
573,982929.96
574,323268.61
575,502643.09
576,1669115.54
577,1029481.42
578,175396.66
579,854724.79
580,854477.04
581,466451.63
582,2640529.70
583,2371332.18
584,411111.25
585,1634258.18
586,858282.90
587,1543973.95
588,1353221.21
589,592821.69
590,449965.96
591,1169584.51
592,405469.10
593,534542.11
594,349850.90
595,377167.28
596,454047.07
597,533262.51
598,707689.11
599,621881.39
600,540358.62
601,707723.39
602,886978.91
603,395571.56
604,464961.45
605,1378103.61
606,206003.21
607,790906.51
608,648119.01
609,1662764.81
610,385084.32
611,714459.53
612,460565.64
613,954120.97
614,644157.64
615,3116908.56
616,321619.24
617,647203.28
618,217808.58
619,481562.67
620,318733.74
621,421746.05
622,3383750.95
623,1660482.67
624,413772.55
625,663915.36
626,376414.04
627,1708774.76
628,443377.94
629,1271102.31
630,353150.81
631,777396.06
632,512599.86
633,711957.12
634,370498.11
635,293444.07
636,667830.17
637,577653.59
638,435134.33
639,259393.61
640,521155.58
641,1158362.72
642,489298.60
643,464101.46
644,490713.49
645,579218.24
646,323031.62
647,383212.76
648,444890.09
649,370366.96
650,479107.08
651,857470.81
652,514833.21
653,500508.04
654,365336.77
655,1049694.10
656,387635.17
657,271919.79
658,458867.54
659,351988.14
660,589503.81
661,991108.86
662,627975.11
663,635057.23
664,554242.72
665,300397.68
666,557037.43
667,597491.06
668,876974.35
669,908612.31
670,1590877.81
671,614591.25
672,537005.00
673,1058929.76
674,741946.62
675,531685.01
676,419537.62
677,577653.59
678,318722.19
679,159659.11
680,718444.57
681,398825.75
682,369206.02
683,392957.12
684,449928.69
685,751470.49
686,2057938.32
687,441791.72
688,609203.31
689,322108.71
690,851161.76
691,1171359.04
692,573347.84
693,704008.35
694,638593.75
695,984087.53
696,538935.03
697,433844.52
698,901295.07
699,353253.19
700,639733.97
701,363873.94
702,979289.25
703,826936.49
704,893593.76
705,378970.72
706,403925.85
707,1697712.88
708,149484.29
709,2549612.11
710,265575.91
711,913215.45
712,361021.36
713,355768.61
714,730721.62
715,1391313.44
716,739922.02
717,1319230.11
718,581793.40
719,206003.21
720,286439.23
721,457637.22
722,453479.26
723,136896.94
724,974639.85
725,496085.05
726,1176630.97
727,511945.42
728,734025.92
729,346746.42
730,578026.60
731,905507.80
732,328736.28
733,470670.26
734,590190.70
735,175225.94
736,236283.61
737,392620.53
738,1626433.80
739,738001.20
740,540195.43
741,1826178.68
742,813852.22
743,423083.58
744,255868.21
745,369206.02
746,353150.81
747,1139006.31
748,795148.73
749,354616.81
750,335795.61
751,250907.18
752,445853.71
753,453479.26
754,356714.33
755,824694.78
756,564833.11
757,565392.09
758,521966.24
759,455540.81
760,722513.98
761,568167.15
762,1123894.43
763,266928.16
764,1122841.99
765,322889.11
766,761001.13
767,1568472.59
768,679633.09
769,787729.31
770,447306.10
771,2142787.25
772,1313603.37
773,734412.23
774,1357377.81
775,763973.31
776,1947016.89
777,1804685.96
778,136995.93
779,304083.90
780,441084.73
781,362134.53
782,266867.40
783,896669.25
784,337126.95
785,540195.43
786,149444.34
787,969714.06
788,369011.28
789,153235.19
790,407823.83
791,670084.08
792,120988.51
793,444903.96
794,795290.10
795,660478.22
796,501766.97
797,220692.13
798,1028615.45
799,526025.28
800,707377.41
801,492642.09
802,1841425.54
803,1326515.90
804,371854.83
805,297338.46
806,297675.69
807,342967.81
808,557037.43
809,1170301.29
810,650797.41
811,675139.76
812,409714.80
813,181217.16
814,1087784.36
815,1010091.98
816,1088705.75
817,428397.18
818,414068.75
819,1477811.47
820,909009.49
821,280017.06
822,554242.72
823,780845.39
824,526025.28
825,2416860.23
826,320509.64
827,211760.03
828,632244.03
829,325674.05
830,812594.46
831,494264.42
832,139632.27
833,700654.34
834,300285.94
835,1073140.49
836,1323609.92
837,534542.11
838,1228654.81
839,366542.44
840,499314.34
841,351988.14
842,845448.99
843,1933663.38
844,781601.16
845,1087443.77
846,419537.62
847,244438.71
848,302660.70
849,823320.04
850,587853.48
851,591929.85
852,606402.83
853,749287.35
854,371840.34
855,411000.33
856,308664.95
857,904139.50
858,355838.96
859,1395137.28
860,549492.51
861,349850.90
862,531198.18
863,490713.49
864,552016.43
865,996434.73
866,280530.96
867,946455.94
868,3473450.80
869,372523.50
870,1003988.62
871,1321003.50
872,435011.49
873,1603897.60
874,1732217.79
875,244438.71
876,1305209.41
877,561720.29
878,292679.86
879,214708.39
880,579218.24
881,1355335.51
882,1298855.21
883,323096.07
884,1358220.97
885,685066.48
886,604458.25
887,301256.47
888,67485.05
889,850577.16
890,662468.25
891,1229381.48
892,714412.38
893,209474.48
894,40709.07
895,1415556.31
896,703062.25
897,298386.91
898,408292.63
899,502671.14
900,1228654.81
901,528869.14
902,392957.12
903,849950.70
904,611492.80
905,536876.36
906,929143.46
907,959330.50
908,841940.51
909,2482931.01
910,498868.94
911,323296.15
912,372576.62
913,1352558.01
914,1135065.82
915,2378516.35
916,414068.75
917,2122615.75
918,528869.14
919,376481.16
920,454025.13
921,3922814.36
922,910519.72
923,205218.82
924,388440.08
925,414177.56
926,471115.28
927,511532.95
928,408358.92
929,1337559.22
930,393627.54
931,605999.63
932,1104125.93
933,433483.29
934,755154.55
935,275363.87
936,519213.14
937,1424551.88
938,411111.25
939,1543973.95
940,512094.35
941,5150919.87
942,737790.58
943,1288092.66
944,597039.20
945,1092984.34
946,425305.54
947,290296.48
948,503313.24
949,901241.45
950,435677.30
951,718444.57
952,1320207.18
953,1548516.48
954,2151098.21
955,318592.04
956,1977901.61
957,236972.76
958,416469.11
959,322200.60
960,917042.97
961,567890.92
962,548638.54
963,538935.03
964,2181420.89
965,546192.48
966,278462.00
967,781082.60
968,862155.09
969,557037.43
970,1512272.28
971,400642.81
972,629686.60
973,149371.02
974,289354.73
975,190669.77
976,403385.40
977,288214.58
978,5324289.15
979,715499.37
980,263295.25
981,541489.56
982,414068.75
983,355838.96
984,139164.22
985,770901.28
986,1267017.97
987,1715120.57
988,593833.37
989,370831.56
990,350893.26
991,1059208.94
992,911064.90
993,270665.94
994,597491.06
995,1391313.44
996,580283.83
997,888428.79
998,513086.94
999,753218.51
1000,565392.09
1001,2714304.48
1002,735620.76
1003,294592.97
1004,854613.49
1005,255243.36
1006,411663.48
1007,718063.25
1008,713361.41
1009,319768.93
1010,330682.59
1011,1576948.97
1012,7596283.24
1013,621436.83
1014,177658.24
1015,562612.12
1016,566370.34
1017,289604.45
1018,982929.96
1019,376206.34
1020,371285.94
1021,328736.28
1022,311524.03
1023,299448.27
1024,2328099.61
1025,951247.35
1026,1267395.34
1027,566788.81
1028,1201873.87
1029,1083242.41
1030,657664.44
1031,681828.33
1032,315238.88
1033,2339341.21
1034,441973.66
1035,450055.92
1036,514523.69
1037,320412.27
1038,1439989.24
1039,447306.10
1040,311293.85
1041,368119.27
1042,15225.67
1043,990485.72
1044,499922.53
1045,330394.87
1046,735481.59
1047,780845.39
1048,770901.28
1049,1391313.44
1050,952128.28
1051,503097.50
1052,1976500.09
1053,1038561.01
1054,1773862.66
1055,339518.89
1056,312887.15
1057,639022.03
1058,857717.02
1059,1146992.90
1060,641793.76
1061,193358.79
1062,2640529.70
1063,813369.30
1064,584264.76
1065,569180.01
1066,435495.06
1067,430116.93
1068,595647.45
1069,1477202.89
1070,1732484.03
1071,713378.44
1072,1776342.24
1073,654287.10
1074,352205.89
1075,598275.42
1076,465615.77
1077,424933.17
1078,161484.75
1079,450055.92
1080,536794.66
1081,441791.72
1082,717837.37
1083,2020026.90
1084,300591.69
1085,739297.79
1086,191001.01
1087,495157.28
1088,801205.23
1089,358522.20
1090,302481.24
1091,1920443.25
1092,773941.81
1093,371854.83
1094,711659.68
1095,208780.55
1096,536074.14
1097,831957.49
1098,916969.97
1099,566197.50
1100,1310581.57
1101,1226763.95
1102,587853.48
1103,1391313.44
1104,722451.40
1105,564392.70
1106,543745.20
1107,1104141.00
1108,584714.30
1109,352556.03
1110,1114000.78
1111,1231930.47
1112,1402788.72
1113,355069.14
1114,291808.41
1115,1094011.44
1116,911064.90
1117,379247.61
1118,598368.45
1119,711077.10
1120,681480.73
1121,1122090.46
1122,410197.20
1123,2364739.95
1124,398181.09
1125,1088956.97
1126,249850.86
1127,990485.72
1128,240718.52
1129,1103880.95
1130,127928.70
1131,519213.14
1132,586189.08
1133,527777.46
1134,2406630.93
1135,1739405.39
1136,2022847.61
1137,1473882.46
1138,455593.36
1139,1152737.12
1140,613009.22
1141,244467.82
1142,537371.23
1143,404096.16
1144,347984.09
1145,579218.24
1146,347759.76
1147,453479.26
1148,1161599.94
1149,1611595.95
1150,589388.02
1151,284282.28
1152,3038826.55
1153,713622.05
1154,177309.26
1155,666090.82
1156,606770.81
1157,360241.08
1158,136896.94
1159,724578.31
1160,361200.53
1161,457024.91
1162,430703.98
1163,588132.67
1164,469158.15
1165,1730529.14
1166,654264.17
1167,584632.44
1168,365659.85
1169,720571.98
1170,1981197.32
1171,1457384.63
1172,829558.80
1173,1038713.70
1174,1173836.41
1175,419537.62
1176,350537.00
1177,738004.77
1178,894896.41
1179,1663525.64
1180,576462.84
1181,900237.69
1182,175396.66
1183,3639.82
1184,654612.35
1185,350517.39
1186,250651.78
1187,433834.72
1188,787751.16
1189,370382.22
1190,1753970.60
1191,436257.68
1192,164029.07
1193,1436307.46
1194,622380.81
1195,102711.81
1196,436257.68
1197,471877.56
1198,455037.78
1199,390736.63
1200,469167.05
1201,615127.79
1202,474679.43
1203,349850.90
1204,429208.15
1205,409360.16
1206,400847.50
1207,365659.85
1208,2102510.85
1209,611899.74
1210,531291.11
1211,1077198.73
1212,368693.44
1213,705453.24
1214,1310581.57
1215,349850.90
1216,450630.77
1217,1658570.59
1218,449558.12
1219,572289.74
1220,535571.89
1221,435495.06
1222,194844.73
1223,436257.68
1224,625308.17
1225,576917.80
1226,466834.88
1227,353150.81
1228,687169.74
1229,776299.01
1230,363873.94
1231,1483325.73
1232,185072.92
1233,607509.23
1234,579218.24
1235,1183837.76
1236,347984.09
1237,2279623.60
1238,592212.57
1239,727018.12
1240,219596.63
1241,786072.44
1242,245427.87
1243,373367.43
1244,358522.20
1245,1088240.10
1246,1560434.06
1247,1534389.57
1248,417950.00
1249,382703.91
1250,383971.49
1251,1248248.33
1252,1556859.12
1253,461919.82
1254,355069.14
1255,1225694.08
1256,472058.40
1257,418864.55
1258,672561.27
1259,919669.98
1260,554242.72
1261,436519.43
1262,190669.77
1263,1073047.90
1264,338985.86
1265,1216328.66
1266,363558.10
1267,543014.71
1268,520322.82
1269,329142.66
1270,838375.58
1271,1453771.76
1272,657194.75
1273,1183346.03
1274,506147.99
1275,222990.71
1276,1519204.92
1277,606003.74
1278,911064.90
1279,1510447.32
1280,8569.28
1281,432904.03
1282,1022323.05
1283,919235.21
1284,571566.29
1285,828149.99
1286,376232.62
1287,315858.11
1288,371864.69
1289,345056.86
1290,988421.09
1291,1355543.39
1292,1041247.26
1293,606217.15
1294,1469261.80
1295,450055.92
1296,758152.10
1297,445239.02
1298,165025.53
1299,577653.59
1300,1072536.90
1301,337706.05
1302,1152403.91
1303,564571.58
1304,563649.22
1305,699565.34
1306,1026468.23
1307,500195.76
1308,1449465.83
1309,817278.43
1310,345056.86
1311,433483.29
1312,399410.92
1313,801438.19
1314,338902.63
1315,1847110.16
1316,1363509.38
1317,276616.78
1318,376206.34
1319,523162.58
1320,915610.90
1321,1633191.87
1322,893617.55
1323,801438.19
1324,593727.97
1325,452465.69
1326,845662.05
1327,631884.72
1328,318575.95
1329,180710.43
1330,391038.39
1331,349850.90
1332,1249787.21
1333,586189.08
1334,735620.76
1335,1132254.41
1336,609203.31
1337,526025.28
1338,411111.25
1339,582869.43
1340,305011.18
1341,779124.23
1342,603005.90
1343,2253020.09
1344,1418581.76
1345,828620.05
1346,1886719.66
1347,726201.54
1348,783718.38
1349,692980.39
1350,461006.05
1351,421445.67
1352,641641.45
1353,1962699.99
1354,773432.64
1355,637673.53
1356,520322.82
1357,515425.44
1358,282779.24
1359,587454.96
1360,562612.12
1361,554242.72
1362,911855.47
1363,722192.73
1364,908612.31
1365,705561.14
1366,1424728.00
1367,945012.47
1368,414177.56
1369,327644.03
1370,370498.11
1371,172286.73
1372,1046732.89
1373,413924.95
1374,299122.68
1375,1098348.10
1376,566197.50
1377,457845.62
1378,372695.76
1379,358522.20
1380,409988.27
1381,455093.75
1382,734637.25
1383,251867.48
1384,757988.12
1385,648260.50
1386,1419467.95
1387,625308.17
1388,1101504.69
1389,251705.56
1390,1851556.93
1391,636571.40
1392,222593.51
1393,376132.12
1394,387713.50
1395,1452091.29
1396,154692.20
1397,985606.96
1398,707487.23
1399,797431.22
1400,1274401.62
1401,422336.58
1402,430703.98
1403,1275179.34
1404,350457.74
1405,1539053.38
1406,543014.71
1407,441791.72
1408,515748.75
1409,964255.39
1410,1312309.35
1411,156857.58
1412,1547321.70
1413,1461368.01
1414,2579334.79
1415,670625.65
1416,606402.83
1417,1190156.55
1418,571274.39
1419,340722.57
1420,679090.06
1421,2955877.70
1422,1418581.76
1423,679354.54
1424,326611.00
1425,361021.36
1426,167142.11
1427,793695.34
1428,579218.24
1429,821696.38
1430,723881.07
1431,728455.30
1432,598368.45
1433,759643.20
1434,249850.86
1435,356115.85
1436,644976.99
1437,850116.42
1438,1771954.77
1439,2456430.82
1440,818463.71
1441,577653.59
1442,1435595.46
1443,446373.22
1444,943482.76
1445,205733.90
1446,466081.28
1447,418880.38
1448,1150583.32
1449,878366.44
1450,350103.61
1451,1118583.65
1452,618754.98
1453,1206381.93
1454,347984.09
1455,526275.40
1456,433042.05
1457,443551.02
1458,614591.25
1459,411111.25
1460,194083.20
1461,389359.14
1462,1400717.94
1463,863484.33
1464,425130.63
1465,417752.49
1466,531708.08
1467,1332305.38
1468,657892.16
1469,481033.19
1470,1049926.15
1471,315858.11
1472,747611.50
1473,551443.09
1474,581099.39
1475,1744505.02
1476,794593.58
1477,331589.97
1478,355838.96
1479,328436.61
1480,361200.53
1481,292834.79
1482,316406.48
1483,640191.35
1484,1241963.16
1485,388780.59
1486,534542.11
1487,459809.04
1488,432904.03
1489,726314.49
1490,1177939.50
1491,773029.26
1492,203161.97
1493,1218738.25
1494,936408.55
1495,410560.68
1496,734025.92
1497,1572587.62
1498,430703.98
1499,309936.85
1500,518240.50
1501,506249.92
1502,699409.37
1503,1391313.44
1504,1338232.32
1505,741344.64
1506,456789.03
1507,608554.26
1508,1598943.26
1509,455193.10
1510,868218.59
1511,416733.75
1512,1972655.73
1513,722451.40
1514,1528932.83
1515,717647.51
1516,606051.92
1517,417752.49
1518,597974.75
1519,315786.39
1520,228084.29
1521,175396.66
1522,835109.36
1523,576374.54
1524,417600.65
1525,173446.67
1526,94539.45
1527,564793.15
1528,332606.32
1529,1391313.44
1530,523825.66
1531,1022458.84
1532,1861295.35
1533,794593.58
1534,129624.13
1535,301452.13
1536,565095.04
1537,2714304.48
1538,344826.65
1539,327396.04
1540,732478.12
1541,895198.69
1542,528869.14
1543,583423.99
1544,431306.04
1545,577653.59
1546,326243.48
1547,1566637.47
1548,564392.70
1549,707346.57
1550,477283.82
1551,418699.07
1552,551443.09
1553,1662482.35
1554,1287138.36
1555,2082002.66
1556,383212.76
1557,353396.98
1558,757283.29
1559,313876.42
1560,455540.81
1561,520006.24
1562,545626.98
1563,355069.14
1564,433483.29
1565,263778.04
1566,195039.82
1567,251859.32
1568,579218.24
1569,414152.78
1570,365660.38
1571,430768.06
1572,851018.37
1573,554271.74
1574,603795.71
1575,588816.37
1576,607632.92
1577,449779.69
1578,116378.57
1579,577848.05
1580,356401.01
1581,537218.48
1582,1395137.28
1583,631274.39
1584,503097.50
1585,457518.95
1586,418864.55
1587,350457.74
1588,722393.08
1589,483922.21
1590,355838.96
1591,746097.74
1592,369206.02
1593,377167.28
1594,360138.67
1595,96864.02
1596,727420.69
1597,606501.96
1598,1078296.16
1599,1208806.06
1600,385214.99
1601,1883323.36
1602,585310.88
1603,295159.08
1604,963969.01
1605,265741.95
1606,436257.68
1607,497005.05
1608,724284.82
1609,589503.81
1610,737263.56
1611,772029.30
1612,573304.08
1613,276616.78
1614,392620.53
1615,347943.08
1616,557037.43
1617,2346198.13
1618,870848.70
1619,1717905.48
1620,433483.29
1621,730721.62
1622,1200852.84
1623,464930.61
1624,581058.86
1625,573702.52
1626,183010.09
1627,895382.67
1628,288643.15
1629,652685.39
1630,525806.76
1631,1358525.44
1632,419537.62
1633,584524.10
1634,543203.59
1635,1192495.80
1636,738703.32
1637,452276.19
1638,2921250.35
1639,671377.96
1640,1023279.44
1641,444510.80
1642,316450.17
1643,1340574.54
1644,1011427.71
1645,1665080.59
1646,1191685.95
1647,778279.77
1648,492610.11
1649,928946.79
1650,449523.48
1651,803486.50
1652,1391313.44
1653,715808.15
1654,405469.10
1655,1391313.44
1656,747390.67
1657,1442794.91
1658,394382.67
1659,1516473.64
1660,427982.61
1661,320844.08
1662,227518.50
1663,634184.17
1664,2879185.58
1665,382450.22
1666,438463.51
1667,587454.96
1668,316450.17
1669,581647.81
1670,603795.71
1671,355069.14
1672,2341892.97
1673,526905.88
1674,542123.52
1675,1452091.29
1676,610670.22
1677,301256.47
1678,303969.66
1679,353150.81
1680,426021.40
1681,361200.53
1682,562612.12
1683,423362.96
1684,333257.39
1685,770901.28
1686,605514.10
1687,419554.28
1688,520322.82
1689,250907.18
1690,824768.88
1691,1219330.17
1692,430703.98
1693,309936.85
1694,1053045.31
1695,467632.37
1696,474598.85
1697,361200.53
1698,119673.97
1699,586135.26
1700,308664.95
1701,562612.12
1702,1334473.67
1703,553185.81
1704,896253.60
1705,1131881.59
1706,809896.76
1707,360736.70
1708,794010.04
1709,306668.96
1710,1393538.93
1711,325486.67
1712,357674.78
1713,347984.09
1714,380349.51
1715,404137.58
1716,297338.46
1717,373787.16
1718,363873.94
1719,408292.63
1720,371731.81
1721,363694.61
1722,695959.93
1723,353457.43
1724,422257.77
1725,979182.13
1726,439803.81
1727,994503.44
1728,1329705.08
1729,1987360.61
1730,208780.55
1731,644157.64
1732,570937.30
1733,1543973.95
1734,550377.41
1735,1305174.59
1736,548638.54
1737,551443.09
1738,463731.30
1739,576462.84
1740,411111.25
1741,977988.30
1742,808263.14
1743,1543973.95
1744,278462.00
1745,290640.03
1746,582460.16
1747,1592068.80
1748,445385.96
1749,1548516.48
1750,846110.26
1751,573947.66
1752,348407.42
1753,370478.67
1754,195453.28
1755,348362.46
1756,147738.49
1757,508858.93
1758,427919.76
1759,512599.86
1760,815901.32
1761,516105.57
1762,986478.39
1763,522275.51
1764,1953572.29
1765,1204993.34
1766,571566.29
1767,655223.27
1768,417515.42
1769,1467548.48
1770,2046544.96
1771,576187.62
1772,581062.28
1773,303256.91
1774,359130.95
1775,413924.95
1776,1641554.89
1777,481580.22
1778,1952508.77
1779,848800.04
1780,159659.11
1781,426021.40
1782,644972.30
1783,452195.81
1784,698201.72
1785,638593.75
1786,839120.82
1787,610515.76
1788,376155.34
1789,1316537.01
1790,1273093.76
1791,982929.96
1792,871038.53
1793,549492.51
1794,595662.68
1795,374518.44
1796,1699470.44
1797,3047344.99
1798,483284.59
1799,4671159.66
1800,128573.46
1801,554307.86
1802,554242.72
1803,1151566.35
1804,1599593.18
1805,414929.02
1806,581062.28
1807,714467.73
1808,666540.02
1809,1235691.00
1810,345056.86
1811,435957.35
1812,436257.68
1813,928946.79
1814,414248.20
1815,427324.90
1816,366703.84
1817,506666.92
1818,534484.62
1819,589388.02
1820,379367.72
1821,289164.64
1822,541032.55
1823,374380.43
1824,1161599.94
1825,616162.50
1826,383212.76
1827,328724.09
1828,656284.38
1829,1391257.99
1830,867861.74
1831,416733.75
1832,1642091.74
1833,1310581.57
1834,1134794.13
1835,278462.00
1836,355838.96
1837,1776457.68
1838,361200.53
1839,330130.67
1840,990357.61
1841,581062.28
1842,317757.60
1843,366138.19
1844,588316.04
1845,297338.46
1846,1484473.82
1847,396859.79
1848,772435.39
1849,1777703.01
1850,492077.15
1851,469923.12
1852,499196.01
1853,1126563.21
1854,362672.84
1855,549403.39
1856,708488.31
1857,1380206.83
1858,226457.27
1859,462373.72
1860,612847.75
1861,1485245.41
1862,790906.51
1863,333536.86
1864,362134.53
1865,1081275.40
1866,15801.46
1867,566073.73
1868,316589.87
1869,1441936.42
1870,116378.57
1871,433134.01
1872,622821.19
1873,982504.19
1874,1242761.34
1875,711766.42
1876,1180994.88
1877,625402.80
1878,678156.47
1879,908612.31
1880,1691847.60
1881,311316.34
1882,474344.22
1883,767625.31
1884,866313.40
1885,561720.29
1886,554242.72
1887,666386.06
1888,128661.47
1889,273522.08
1890,954105.16
1891,413924.95
1892,590190.70
1893,447912.29
1894,693008.30
1895,539344.57
1896,583541.75
1897,1239375.50
1898,828620.05
1899,842553.76
1900,416469.11
1901,421396.69
1902,330034.06
1903,1488415.17
1904,551443.09
1905,529347.80
1906,523458.51
1907,329382.92
1908,1671409.73
1909,1132254.41
1910,568184.98
1911,599818.37
1912,564392.70
1913,194844.73
1914,354324.55
1915,778864.23
1916,735461.59
1917,615971.95
1918,461652.01
1919,1580924.65
1920,166797.00
1921,841242.21
1922,1427480.75
1923,815068.43
1924,523176.51
1925,485950.19
1926,1547321.70
1927,296846.78
1928,362441.30
1929,580210.93
1930,1682507.33
1931,1597061.23
1932,741573.85
1933,528130.32
1934,294516.39
1935,378970.72
1936,3033233.15
1937,548638.54
1938,924956.76
1939,1580114.79
1940,371864.69
1941,255243.36
1942,29306.03
1943,994503.44
1944,174248.34
1945,409480.30
1946,554242.72
1947,1462023.02
1948,916931.50
1949,371864.69
1950,631995.91
1951,484555.30
1952,562612.12
1953,568186.14
1954,592921.53
1955,293849.09
1956,441038.83
1957,355838.96
1958,838375.58
1959,848584.00
1960,419009.97
1961,818335.58
1962,639815.67
1963,325002.19
1964,328736.28
1965,258467.13
1966,590918.83
1967,358522.20
1968,986174.58
1969,5094110.87
1970,123146.59
1971,867984.60
1972,492752.86
1973,526025.28
1974,527767.69
1975,852146.17
1976,402666.37
1977,156881.11
1978,441791.72
1979,1069719.48
1980,587830.04
1981,1395137.28
1982,810213.05
1983,1105316.40
1984,1000707.53
1985,519213.14
1986,335778.39
1987,352556.03
1988,825000.71
1989,579544.88
1990,872100.07
1991,161337.97
1992,376414.04
1993,291930.39
1994,1301124.64
1995,519636.79
1996,417950.00
1997,406713.52
1998,-2624822.81
1999,333557.62
